,ids,idades,sexos,estados_civis,sinistros,premios
0,1,58,F,Casado(a),3,2873.0787175595733
1,2,71,F,Casado(a),2,2606.123704673479
2,3,33,M,Solteiro(a),3,839.8171266380926
3,4,70,M,Solteiro(a),4,922.5051367953209
4,5,38,F,Divorciado(a),2,1007.0387321129955
5,6,50,F,Solteiro(a),4,1001.4949776076683
6,7,39,M,Solteiro(a),0,3682.045240969325
7,8,76,F,Solteiro(a),3,1446.5072860939042
8,9,62,M,Casado(a),0,2747.273749705104
9,10,76,F,Solteiro(a),4,1196.1622337813137
10,11,32,M,Solteiro(a),3,491.58974040400005
11,12,64,F,Casado(a),1,1452.5819858101934
12,13,19,F,Divorciado(a),3,551.1294267675656
13,14,23,F,Solteiro(a),1,1085.1903992230157
14,15,49,M,Divorciado(a),3,1130.4510627327213
15,16,19,M,Solteiro(a),0,1886.3247696670387
16,17,45,F,Solteiro(a),0,2908.6007578903973
17,18,58,M,Casado(a),3,5542.578565451634
18,19,52,M,Casado(a),4,3792.1556167020995
19,20,75,F,Divorciado(a),0,69.79100451039983
20,21,63,F,Solteiro(a),4,1024.8250089059572
21,22,28,F,Solteiro(a),3,2088.411289611302
22,23,79,M,Divorciado(a),0,3311.2218527650653
23,24,52,F,Divorciado(a),4,2424.527480358891
24,25,56,F,Solteiro(a),1,1412.6430015837075
25,26,51,M,Solteiro(a),3,2877.327980165459
26,27,40,F,Solteiro(a),0,2409.3790584953194
27,28,40,M,Divorciado(a),0,1315.827410702624
28,29,30,F,Solteiro(a),3,499.26176436649484
29,30,43,F,Divorciado(a),0,2433.155873383419
30,31,43,F,Solteiro(a),2,1385.7375852471034
31,32,71,F,Divorciado(a),0,537.9196847505317
32,33,71,F,Solteiro(a),1,504.226667978416
33,34,29,F,Solteiro(a),3,3323.0862945720646
34,35,59,F,Divorciado(a),4,2692.319777740767
35,36,48,M,Casado(a),0,1089.8383069539866
36,37,29,F,Solteiro(a),2,954.8196453879436
37,38,55,M,Casado(a),0,1115.9218077217945
38,39,50,F,Casado(a),1,49.16805401200686
39,40,42,F,Solteiro(a),4,872.1648061809209
40,41,22,F,Divorciado(a),0,692.2264333747606
41,42,59,M,Solteiro(a),0,1357.82850595334
42,43,36,F,Solteiro(a),1,1863.3218038681732
43,44,51,M,Solteiro(a),0,2238.563761558516
44,45,19,M,Solteiro(a),1,1259.8819541958217
45,46,56,F,Solteiro(a),4,24.27514897905428
46,47,62,F,Solteiro(a),2,2530.28946931624
47,48,48,M,Divorciado(a),2,1458.3196510805396
48,49,54,M,Solteiro(a),2,1143.6335910755056
49,50,33,F,Divorciado(a),4,4836.8977254174015
50,51,38,M,Casado(a),0,2151.3715170049336
51,52,34,M,Solteiro(a),4,2509.1568686033743
52,53,31,M,Solteiro(a),4,1063.5719084125903
53,54,44,M,Solteiro(a),2,657.3153338175408
54,55,48,M,Solteiro(a),4,736.1525853318728
55,56,37,F,Solteiro(a),1,4690.756069280752
56,57,33,F,Solteiro(a),2,1369.710284265668
57,58,70,F,Casado(a),3,1055.4851668540382
58,59,57,F,Divorciado(a),2,843.5311999010517
59,60,29,F,Casado(a),3,755.4827569806608
60,61,20,M,Solteiro(a),4,1950.7059933139626
61,62,78,M,Casado(a),0,552.1878912122706
62,63,22,M,Solteiro(a),0,2749.5897485519986
63,64,74,M,Solteiro(a),0,274.03144322354507
64,65,79,F,Divorciado(a),4,1028.471973056219
65,66,49,M,Casado(a),2,394.79245455826754
66,67,53,M,Divorciado(a),4,3534.762899014878
67,68,57,F,Casado(a),1,1943.7130317246329
68,69,77,F,Solteiro(a),0,682.7993461374125
69,70,67,M,Solteiro(a),0,2199.3362095466696
70,71,21,M,Solteiro(a),1,4571.52675327777
71,72,26,M,Solteiro(a),3,1746.9901015927219
72,73,50,F,Casado(a),2,2561.420993938941
73,74,70,F,Casado(a),2,642.8650661964422
74,75,66,M,Casado(a),1,6683.181338380648
75,76,72,F,Solteiro(a),2,2071.198559400109
76,77,28,M,Casado(a),3,953.4445358921668
77,78,58,F,Solteiro(a),4,3134.2480904170793
78,79,22,M,Solteiro(a),3,1562.476105052165
79,80,75,F,Divorciado(a),4,911.8060606938552
80,81,21,F,Solteiro(a),4,1201.2613657992697
81,82,77,M,Solteiro(a),4,644.2462711167989
82,83,45,F,Solteiro(a),3,1639.9102834544744
83,84,39,M,Divorciado(a),0,1981.3551903100276
84,85,24,M,Solteiro(a),4,3174.165035049545
85,86,31,M,Solteiro(a),1,4228.900704961612
86,87,33,F,Divorciado(a),3,3038.1048393885508
87,88,62,M,Solteiro(a),0,6422.852307683274
88,89,44,F,Casado(a),4,3052.735975159277
89,90,71,M,Divorciado(a),3,3334.9296787754542
90,91,52,M,Solteiro(a),4,4366.804953258027
91,92,47,F,Divorciado(a),2,1286.3118556421132
92,93,60,M,Casado(a),2,3639.397144288603
93,94,43,M,Solteiro(a),3,3505.1916617098586
94,95,78,M,Casado(a),4,1744.7885430437016
95,96,20,F,Casado(a),3,1704.3262388595313
96,97,26,M,Casado(a),1,1621.6440423855854
97,98,58,M,Solteiro(a),4,2581.610197964864
98,99,43,M,Solteiro(a),4,2427.3249736022876
99,100,27,F,Casado(a),0,5928.563140727039
100,101,50,M,Solteiro(a),2,238.19015045444348
101,102,26,F,Solteiro(a),3,2941.047742823042
102,103,48,M,Casado(a),2,4091.682819039597
103,104,29,F,Solteiro(a),2,2407.9183421743664
104,105,39,F,Solteiro(a),1,2720.2504538219005
105,106,43,F,Divorciado(a),3,2714.844832130878
106,107,33,M,Solteiro(a),3,838.2303209879603
107,108,37,M,Divorciado(a),1,3538.781360703128
108,109,51,F,Solteiro(a),1,555.5433418296869
109,110,19,F,Solteiro(a),4,167.07273221667532
110,111,51,F,Solteiro(a),4,3609.6457791336907
111,112,56,F,Divorciado(a),0,5508.49258285187
112,113,23,M,Solteiro(a),3,2339.7441421345834
113,114,20,M,Solteiro(a),4,1535.7901078016787
114,115,23,M,Solteiro(a),4,1454.9641745082804
115,116,78,M,Solteiro(a),3,2782.900930738807
116,117,27,M,Solteiro(a),4,885.1268796442057
117,118,72,M,Divorciado(a),1,342.1380112602007
118,119,66,M,Divorciado(a),4,4144.762051728096
119,120,47,F,Divorciado(a),0,1373.8968772171477
120,121,40,F,Casado(a),4,2210.150114394431
121,122,26,M,Solteiro(a),0,2120.758257611488
122,123,21,M,Solteiro(a),1,2288.2027542784685
123,124,61,F,Solteiro(a),0,293.745995869972
124,125,51,M,Divorciado(a),2,2124.78377947833
125,126,26,F,Divorciado(a),4,6411.05712899293
126,127,50,F,Casado(a),4,1617.8473427020815
127,128,37,M,Solteiro(a),4,4145.234402032842
128,129,41,F,Divorciado(a),3,3614.2676864928144
129,130,20,M,Solteiro(a),0,3325.0051589103214
130,131,36,F,Divorciado(a),2,2434.830660648237
131,132,78,F,Solteiro(a),2,2830.1454072400543
132,133,53,M,Solteiro(a),1,1504.78723844597
133,134,46,M,Solteiro(a),0,1709.5326065042414
134,135,38,F,Casado(a),4,3615.5640826742224
135,136,42,F,Divorciado(a),4,1594.823389483132
136,137,48,M,Casado(a),4,2911.8795834916546
137,138,46,F,Solteiro(a),0,2859.7038516112043
138,139,72,F,Divorciado(a),4,1151.5700631506388
139,140,18,F,Solteiro(a),2,639.1838072996485
140,141,58,M,Casado(a),3,2530.3594154852626
141,142,56,M,Divorciado(a),3,1526.448620960545
142,143,44,F,Solteiro(a),0,2157.5199964710196
143,144,36,M,Casado(a),2,1097.0642241589926
144,145,23,F,Casado(a),3,640.855971261045
145,146,48,F,Solteiro(a),3,133.2533535808088
146,147,21,M,Casado(a),1,2819.152525230616
147,148,39,F,Divorciado(a),1,4663.789821357751
148,149,26,M,Solteiro(a),3,1659.5677999738218
149,150,64,F,Solteiro(a),1,1352.622717429426
150,151,29,F,Solteiro(a),0,1467.984941201089
151,152,65,F,Solteiro(a),2,4863.416467790663
152,153,53,F,Solteiro(a),2,1507.5342004377228
153,154,76,F,Solteiro(a),2,1545.9373426960901
154,155,31,F,Solteiro(a),4,4523.986773477929
155,156,59,F,Solteiro(a),0,2409.7140148889766
156,157,20,F,Solteiro(a),2,1313.6914751839577
157,158,69,M,Divorciado(a),2,3120.252135908309
158,159,20,F,Casado(a),3,1850.5489541964978
159,160,58,F,Casado(a),2,1715.8692451082284
160,161,60,M,Divorciado(a),0,1307.8332826797443
161,162,34,M,Casado(a),4,2307.063867742509
162,163,38,F,Divorciado(a),4,1440.1566765684026
163,164,37,M,Solteiro(a),1,768.621536063997
164,165,57,F,Solteiro(a),1,4084.2004190595994
165,166,69,F,Casado(a),1,1251.293857183022
166,167,71,M,Divorciado(a),2,2414.571983039461
167,168,36,F,Solteiro(a),0,1634.2294925827057
168,169,28,M,Casado(a),1,2212.1822208046015
169,170,34,M,Solteiro(a),0,1503.0884242280238
170,171,19,M,Divorciado(a),4,1050.873702449927
171,172,20,M,Solteiro(a),3,1450.4385108884985
172,173,72,F,Solteiro(a),4,2001.2854880922907
173,174,66,F,Solteiro(a),4,3199.9622466941228
174,175,55,F,Divorciado(a),0,3418.201522271562
175,176,33,M,Casado(a),3,2009.305576005777
176,177,21,F,Solteiro(a),3,763.3873051313244
177,178,70,F,Casado(a),1,4815.326410548247
178,179,75,M,Casado(a),2,4923.591915833531
179,180,73,M,Solteiro(a),4,2025.5394026371985
180,181,60,F,Solteiro(a),1,2268.2256210294654
181,182,77,F,Solteiro(a),3,1547.4191151464065
182,183,43,F,Solteiro(a),4,533.0127773232894
183,184,59,F,Solteiro(a),3,218.03270975956056
184,185,75,M,Divorciado(a),0,2352.231431943
185,186,44,M,Casado(a),4,2195.8690177666913
186,187,21,M,Divorciado(a),1,1927.7160824744574
187,188,69,M,Solteiro(a),1,1202.5093034639317
188,189,26,F,Solteiro(a),2,4739.086003530735
189,190,44,M,Solteiro(a),3,4010.8997072391385
190,191,47,M,Solteiro(a),0,851.0854570571843
191,192,51,F,Solteiro(a),4,1664.0896631009737
192,193,79,F,Solteiro(a),1,1654.6086697292192
193,194,63,F,Solteiro(a),3,625.1180450197725
194,195,45,F,Divorciado(a),4,358.3661692062151
195,196,45,F,Divorciado(a),4,2170.901859126186
196,197,34,F,Casado(a),4,642.7750473002632
197,198,25,F,Solteiro(a),0,2297.347721254475
198,199,60,M,Solteiro(a),0,601.4220844847289
199,200,79,M,Casado(a),3,1356.3602451202178
200,201,39,F,Casado(a),4,1608.5431828763183
201,202,36,M,Solteiro(a),1,1955.0954539444208
202,203,57,M,Solteiro(a),0,2191.145000984476
203,204,61,F,Divorciado(a),0,402.08613401960963
204,205,58,F,Solteiro(a),3,325.9961629248765
205,206,48,M,Solteiro(a),1,2063.7794686012076
206,207,54,F,Casado(a),1,2984.966327209868
207,208,44,M,Solteiro(a),0,3288.467097499523
208,209,59,M,Divorciado(a),3,2264.894279889498
209,210,43,M,Solteiro(a),0,1215.0475573232618
210,211,49,M,Solteiro(a),0,790.9673953449276
211,212,72,M,Solteiro(a),4,2835.049842196134
212,213,71,F,Solteiro(a),3,484.5438114374551
213,214,41,F,Solteiro(a),1,1650.4541633827273
214,215,36,F,Solteiro(a),2,4255.253994357115
215,216,27,F,Solteiro(a),1,5859.889982367897
216,217,58,F,Casado(a),1,1653.128597959476
217,218,55,M,Casado(a),3,177.51501683170588
218,219,39,M,Solteiro(a),4,3395.9623481028366
219,220,45,F,Divorciado(a),4,773.944939681325
220,221,62,M,Solteiro(a),1,1149.7457803779319
221,222,57,M,Solteiro(a),2,1498.5506103543596
222,223,35,F,Casado(a),0,947.3874907362217
223,224,47,M,Solteiro(a),4,3991.388022604675
224,225,64,F,Solteiro(a),0,3066.123466825528
225,226,22,F,Solteiro(a),4,2036.3747571446606
226,227,64,M,Solteiro(a),0,726.0852339666676
227,228,59,F,Solteiro(a),4,857.6721242173779
228,229,64,M,Solteiro(a),1,3350.7007795352915
229,230,79,F,Divorciado(a),3,571.5078563281143
230,231,70,M,Solteiro(a),0,1625.7701675294886
231,232,52,F,Solteiro(a),3,543.5819733558627
232,233,34,F,Solteiro(a),2,7346.673637149842
233,234,74,F,Solteiro(a),2,860.7100809861549
234,235,37,M,Solteiro(a),1,531.2306730905003
235,236,68,F,Solteiro(a),3,1310.7087451511793
236,237,33,M,Solteiro(a),4,959.588436334035
237,238,48,M,Solteiro(a),0,750.0735869885582
238,239,57,M,Solteiro(a),2,2136.728029636312
239,240,39,M,Casado(a),0,3400.4753210410254
240,241,58,F,Solteiro(a),4,1921.1995728885634
241,242,22,M,Divorciado(a),1,1101.4432723308782
242,243,66,M,Solteiro(a),1,3263.8999730516184
243,244,67,M,Casado(a),1,3891.198582960725
244,245,54,M,Solteiro(a),0,491.08999683116963
245,246,27,F,Solteiro(a),3,3682.7253166328564
246,247,40,M,Solteiro(a),1,909.7056673929164
247,248,25,F,Casado(a),3,1568.5914889478322
248,249,35,F,Solteiro(a),4,1383.5185160124545
249,250,64,M,Solteiro(a),4,463.07693569682294
250,251,43,M,Divorciado(a),3,804.0567471284498
251,252,79,F,Solteiro(a),2,1149.5970733054883
252,253,27,M,Solteiro(a),1,1768.466735569231
253,254,79,M,Solteiro(a),4,2212.0665601952965
254,255,30,F,Solteiro(a),2,634.947481952725
255,256,51,M,Solteiro(a),2,2558.433719452912
256,257,74,M,Divorciado(a),1,868.7173889899784
257,258,46,M,Solteiro(a),4,1290.651332975556
258,259,70,F,Solteiro(a),0,938.3960952442022
259,260,64,F,Solteiro(a),4,755.3949669162512
260,261,63,F,Solteiro(a),2,2474.0449652227303
261,262,21,F,Solteiro(a),4,2469.1074086562057
262,263,51,F,Solteiro(a),2,2100.6378552843016
263,264,61,F,Solteiro(a),1,1688.834628311666
264,265,68,M,Divorciado(a),2,4259.317042600151
265,266,40,F,Solteiro(a),2,2337.121266965953
266,267,45,F,Divorciado(a),4,1172.6676246071438
267,268,21,M,Casado(a),3,3643.032738864008
268,269,68,F,Solteiro(a),1,711.413820411498
269,270,55,F,Casado(a),3,2334.1775109407854
270,271,36,M,Solteiro(a),3,1234.9297794214685
271,272,52,F,Solteiro(a),4,3134.0661013735394
272,273,18,F,Solteiro(a),0,3737.011341340286
273,274,73,F,Solteiro(a),3,1835.6074803803845
274,275,48,M,Solteiro(a),1,4013.7893496943234
275,276,77,M,Solteiro(a),0,727.9891429991376
276,277,53,F,Solteiro(a),2,1179.5807880090338
277,278,39,F,Solteiro(a),1,1695.2083684471768
278,279,18,M,Solteiro(a),4,1903.6436387665342
279,280,43,F,Divorciado(a),1,1416.3652865345725
280,281,46,M,Casado(a),4,4474.802770078628
281,282,53,F,Solteiro(a),3,1136.0568939375657
282,283,54,M,Solteiro(a),3,491.52104137964255
283,284,44,F,Casado(a),4,1499.249195875869
284,285,38,M,Solteiro(a),3,623.7716167833323
285,286,30,M,Divorciado(a),2,616.061684302322
286,287,32,M,Solteiro(a),3,3336.3684334485956
287,288,43,F,Solteiro(a),1,4844.688766794907
288,289,18,M,Solteiro(a),0,2113.805083320503
289,290,19,F,Casado(a),3,3523.6973735359297
290,291,25,M,Casado(a),4,596.673320725533
291,292,22,M,Solteiro(a),4,464.399193329356
292,293,35,F,Solteiro(a),0,1035.6832322720963
293,294,24,M,Solteiro(a),1,3237.8166833388495
294,295,37,M,Solteiro(a),2,1375.490201034722
295,296,46,F,Solteiro(a),0,2352.312715066037
296,297,60,M,Solteiro(a),4,1564.9470299515972
297,298,39,M,Solteiro(a),3,1521.2790751889129
298,299,71,M,Solteiro(a),1,3625.6366986571907
299,300,19,M,Casado(a),2,4709.731973577279
300,301,69,F,Solteiro(a),2,4318.160155340191
301,302,28,M,Casado(a),2,552.7155019244286
302,303,68,M,Solteiro(a),4,419.71938983708657
303,304,34,M,Divorciado(a),4,2599.218447246595
304,305,42,M,Solteiro(a),2,489.90001439179304
305,306,18,F,Solteiro(a),1,2881.2779964711426
306,307,50,F,Solteiro(a),0,454.93727048534885
307,308,28,M,Solteiro(a),2,638.3744509626562
308,309,24,F,Solteiro(a),1,706.5226044082476
309,310,55,F,Casado(a),3,3299.9695751246372
310,311,79,M,Solteiro(a),3,1208.8338448638708
311,312,71,F,Casado(a),3,956.3946096338409
312,313,43,F,Casado(a),2,1369.321518286209
313,314,73,M,Casado(a),2,117.12193968393892
314,315,48,M,Solteiro(a),1,3583.2673872563355
315,316,34,F,Solteiro(a),3,1698.8310354369812
316,317,78,M,Divorciado(a),4,202.88534451590246
317,318,39,F,Solteiro(a),2,3718.0039218181205
318,319,54,F,Casado(a),3,884.1512682350422
319,320,36,M,Solteiro(a),3,3203.128014085817
320,321,33,M,Casado(a),1,2015.117592598588
321,322,70,F,Divorciado(a),2,3297.9944683022627
322,323,56,M,Casado(a),4,2015.0899070453963
323,324,35,M,Solteiro(a),4,363.43559695086685
324,325,41,M,Solteiro(a),0,1019.3989076075607
325,326,65,M,Divorciado(a),1,573.5323940906321
326,327,45,F,Solteiro(a),3,1133.6502757844223
327,328,21,M,Solteiro(a),0,2565.5445582036136
328,329,34,M,Casado(a),0,1053.469074030677
329,330,37,F,Solteiro(a),2,4068.541649849906
330,331,77,F,Solteiro(a),1,1322.7889615860704
331,332,31,M,Solteiro(a),2,1469.0899786272043
332,333,35,M,Casado(a),0,1865.0874947997197
333,334,49,M,Solteiro(a),0,2522.223050376441
334,335,48,F,Divorciado(a),3,6402.49243705224
335,336,35,M,Divorciado(a),0,1645.4587568835702
336,337,78,F,Solteiro(a),1,519.7589640779285
337,338,32,F,Solteiro(a),0,1852.1745130568029
338,339,26,F,Solteiro(a),0,3843.0962145333438
339,340,32,M,Solteiro(a),1,1737.8248796505325
340,341,75,F,Casado(a),4,1731.701311771928
341,342,43,M,Solteiro(a),2,571.8707314157314
342,343,44,M,Casado(a),0,885.5851604212866
343,344,79,F,Divorciado(a),0,1130.904121233403
344,345,27,M,Casado(a),2,3114.6027072729967
345,346,18,M,Solteiro(a),0,757.719621222917
346,347,44,F,Solteiro(a),2,350.33285123146504
347,348,25,F,Solteiro(a),3,2174.0304169738074
348,349,37,M,Solteiro(a),2,3612.237430745899
349,350,34,M,Solteiro(a),1,4735.886378145902
350,351,45,F,Solteiro(a),2,2677.309697525033
351,352,52,M,Solteiro(a),3,1704.9776856408482
352,353,20,M,Casado(a),1,1609.442916962824
353,354,26,F,Solteiro(a),4,3343.8694131480715
354,355,45,M,Solteiro(a),1,2848.1416982298924
355,356,37,F,Divorciado(a),4,444.95199749541825
356,357,68,M,Solteiro(a),2,4246.669990518731
357,358,58,M,Solteiro(a),2,1588.938734587827
358,359,38,F,Solteiro(a),1,1238.8381092496768
359,360,47,F,Solteiro(a),4,2026.560091589257
360,361,20,F,Solteiro(a),2,1247.8820600910005
361,362,63,F,Divorciado(a),4,5072.250678659795
362,363,51,F,Solteiro(a),4,4123.82846483825
363,364,65,F,Casado(a),3,841.9348860124555
364,365,48,F,Solteiro(a),0,2299.614089522705
365,366,67,F,Solteiro(a),4,2330.0330248448495
366,367,30,M,Divorciado(a),3,1554.5770362424414
367,368,70,F,Solteiro(a),0,4943.4042720617035
368,369,73,M,Divorciado(a),4,2705.2185248921674
369,370,22,F,Solteiro(a),1,579.8727527178007
370,371,32,M,Solteiro(a),1,957.803065126352
371,372,30,F,Casado(a),3,3532.8992607551577
372,373,23,M,Casado(a),1,3767.0806964493477
373,374,46,F,Solteiro(a),1,2564.930028113421
374,375,51,M,Solteiro(a),3,658.0409483351604
375,376,29,F,Solteiro(a),3,2370.6302455985256
376,377,78,F,Solteiro(a),3,2066.7960280447214
377,378,75,F,Casado(a),2,4933.149447042321
378,379,36,F,Casado(a),3,2203.9568215878244
379,380,44,F,Solteiro(a),3,2948.1441173897556
380,381,33,F,Divorciado(a),1,2581.1218493520023
381,382,22,F,Casado(a),4,1588.8312611132608
382,383,64,M,Casado(a),0,2153.484076770007
383,384,35,F,Casado(a),3,99.74519571744217
384,385,69,F,Solteiro(a),1,1493.0415465639967
385,386,78,F,Solteiro(a),0,2827.9907015269464
386,387,70,F,Divorciado(a),3,1186.1074227171484
387,388,24,F,Casado(a),2,632.5559271004099
388,389,58,F,Solteiro(a),0,948.1271573871975
389,390,23,M,Solteiro(a),1,2934.020099260796
390,391,58,M,Solteiro(a),1,3927.0772873608726
391,392,59,M,Solteiro(a),3,1275.9549180959368
392,393,48,M,Divorciado(a),2,549.6832778099972
393,394,63,F,Solteiro(a),4,1511.9848054105532
394,395,51,M,Casado(a),1,444.1558039460032
395,396,74,M,Casado(a),3,2175.8324807941544
396,397,62,M,Divorciado(a),1,2158.438067733314
397,398,48,M,Solteiro(a),3,3734.067958686067
398,399,70,M,Solteiro(a),0,1409.7665466695491
399,400,18,M,Solteiro(a),0,1611.4214100964743
400,401,41,M,Solteiro(a),3,1520.2305574320128
401,402,19,F,Casado(a),2,2358.897708279181
402,403,41,F,Divorciado(a),3,1767.4458481057973
403,404,64,F,Solteiro(a),4,1837.132500324685
404,405,55,F,Divorciado(a),1,1099.1610370949438
405,406,79,M,Divorciado(a),1,1306.3513992120315
406,407,39,M,Solteiro(a),4,1812.9487847829785
407,408,62,F,Solteiro(a),3,1972.7371419400117
408,409,40,M,Divorciado(a),4,1268.1821029343764
409,410,51,M,Casado(a),4,2551.45190755309
410,411,47,F,Casado(a),0,124.60497079087007
411,412,61,F,Solteiro(a),0,3766.4925806905712
412,413,37,M,Casado(a),1,1979.7616410098951
413,414,31,M,Casado(a),2,2601.873817437775
414,415,41,M,Solteiro(a),2,873.9070510937688
415,416,29,M,Solteiro(a),0,1230.7388820923525
416,417,57,M,Divorciado(a),4,706.6950939942201
417,418,65,F,Solteiro(a),0,1765.0564789772939
418,419,63,M,Solteiro(a),4,1329.0250224083973
419,420,41,M,Casado(a),3,1038.8336907726018
420,421,70,M,Solteiro(a),3,7133.956997975276
421,422,78,M,Casado(a),3,4510.572952750557
422,423,19,M,Solteiro(a),0,4316.26265081402
423,424,38,M,Divorciado(a),2,582.215495819904
424,425,33,F,Solteiro(a),3,764.2082943068464
425,426,67,M,Solteiro(a),4,735.8502393992588
426,427,57,F,Casado(a),3,2306.209458287654
427,428,35,M,Divorciado(a),1,786.0792396272717
428,429,30,M,Solteiro(a),4,6044.359597718714
429,430,20,M,Casado(a),1,990.8878502475427
430,431,66,F,Solteiro(a),2,665.0263681776338
431,432,52,M,Solteiro(a),2,1110.0160465954687
432,433,31,M,Divorciado(a),1,2995.4042534386344
433,434,60,F,Casado(a),3,337.7548387922922
434,435,24,M,Casado(a),0,1464.6055303016383
435,436,32,F,Solteiro(a),1,1710.7147297789109
436,437,75,M,Solteiro(a),0,1240.8839233078204
437,438,49,M,Solteiro(a),2,3243.1681410955757
438,439,78,F,Casado(a),3,903.0082676674467
439,440,44,F,Solteiro(a),4,1336.1576407179557
440,441,30,M,Solteiro(a),3,1731.7045761020509
441,442,70,F,Solteiro(a),2,1087.0990370183686
442,443,41,M,Solteiro(a),4,8026.338251075926
443,444,25,M,Solteiro(a),0,2197.952833142238
444,445,58,F,Solteiro(a),4,6634.9779325794225
445,446,50,F,Solteiro(a),4,3393.576599917838
446,447,56,M,Divorciado(a),1,2297.6795042474414
447,448,66,F,Solteiro(a),1,1343.0672536071495
448,449,24,F,Solteiro(a),4,271.4486816779132
449,450,69,M,Solteiro(a),4,4391.86497147593
450,451,22,M,Solteiro(a),3,821.8698795180168
451,452,44,F,Solteiro(a),1,2360.724570158201
452,453,29,M,Solteiro(a),0,4516.442867980148
453,454,71,F,Solteiro(a),1,1087.2308955198148
454,455,26,M,Divorciado(a),0,2544.115634769388
455,456,64,M,Solteiro(a),0,492.09598918304283
456,457,22,M,Divorciado(a),0,2085.7424443236305
457,458,36,F,Divorciado(a),2,1804.2714742666387
458,459,21,M,Solteiro(a),0,3286.725724415016
459,460,33,F,Solteiro(a),0,2676.2539270319944
460,461,77,F,Divorciado(a),3,1880.716341123481
461,462,53,M,Casado(a),4,1419.37803591298
462,463,27,F,Solteiro(a),3,1843.1462093550192
463,464,47,F,Solteiro(a),1,2847.7391220657387
464,465,36,M,Divorciado(a),0,6142.318644619901
465,466,42,M,Solteiro(a),0,1343.1958561580652
466,467,59,F,Casado(a),4,2091.19147449274
467,468,23,M,Solteiro(a),1,1736.5330230613672
468,469,23,M,Solteiro(a),3,1761.0509093215792
469,470,33,F,Solteiro(a),0,2401.200129901314
470,471,77,F,Divorciado(a),0,2891.9809326887575
471,472,73,M,Divorciado(a),0,1683.0355804289397
472,473,37,M,Casado(a),2,438.5039279165352
473,474,52,M,Solteiro(a),0,5675.121923506807
474,475,50,M,Solteiro(a),0,798.0600881573207
475,476,74,M,Divorciado(a),1,1410.3053865483785
476,477,78,M,Solteiro(a),0,1460.3291048592457
477,478,45,F,Solteiro(a),2,473.60899642661224
478,479,29,M,Divorciado(a),2,1848.5832949806224
479,480,30,M,Solteiro(a),4,1052.0184783365469
480,481,66,M,Solteiro(a),0,685.6866918905422
481,482,70,F,Solteiro(a),3,2173.584803178656
482,483,39,M,Solteiro(a),4,1818.4460486642438
483,484,33,M,Solteiro(a),2,1032.580478471904
484,485,21,F,Casado(a),1,1509.2701744838469
485,486,40,F,Casado(a),2,1873.7371163875325
486,487,66,M,Divorciado(a),0,784.7498576916722
487,488,24,F,Divorciado(a),1,4977.301328082725
488,489,32,M,Solteiro(a),2,1983.8528281900622
489,490,46,M,Casado(a),4,1574.1971772115826
490,491,28,M,Solteiro(a),3,2089.838816242576
491,492,71,F,Solteiro(a),0,566.3014283199898
492,493,30,F,Solteiro(a),1,1328.0799180341028
493,494,34,M,Solteiro(a),3,1186.300004818282
494,495,36,F,Casado(a),4,1183.2565951343422
495,496,70,M,Solteiro(a),2,1111.529329421331
496,497,79,M,Solteiro(a),0,4995.185104550185
497,498,36,F,Solteiro(a),3,2761.840047280388
498,499,23,F,Divorciado(a),4,3223.5855513939864
499,500,60,M,Casado(a),1,1148.0007187278438
500,501,26,M,Solteiro(a),1,3090.601044271086
501,502,29,M,Casado(a),0,2644.2562985080353
502,503,66,M,Casado(a),2,3814.00928899364
503,504,34,M,Solteiro(a),1,968.0533111301384
504,505,78,M,Solteiro(a),1,1237.1360134384024
505,506,64,F,Casado(a),4,435.1947058420437
506,507,20,M,Divorciado(a),4,1424.6604574181847
507,508,62,F,Solteiro(a),2,685.5924193617162
508,509,76,M,Solteiro(a),4,2737.812236406431
509,510,35,M,Solteiro(a),3,1723.2196715537277
510,511,50,M,Solteiro(a),0,4003.7875034910107
511,512,44,F,Solteiro(a),4,1138.7674592316512
512,513,39,M,Solteiro(a),3,1937.0503099047876
513,514,45,M,Solteiro(a),4,1394.343119961262
514,515,54,F,Solteiro(a),1,931.9784163031238
515,516,18,M,Solteiro(a),2,1055.9747183530123
516,517,24,M,Solteiro(a),1,2418.8569877333166
517,518,75,F,Solteiro(a),0,4658.439444545502
518,519,59,M,Solteiro(a),4,567.3743208315587
519,520,69,M,Solteiro(a),4,2701.6750963655645
520,521,75,F,Solteiro(a),4,3955.7187557776924
521,522,77,M,Casado(a),2,3489.1833748468953
522,523,23,M,Solteiro(a),0,1045.666392937135
523,524,33,M,Divorciado(a),2,793.060555427346
524,525,75,M,Solteiro(a),0,1089.284417669747
525,526,39,M,Solteiro(a),1,1193.5556363035298
526,527,47,F,Divorciado(a),2,733.4899207278594
527,528,75,M,Divorciado(a),1,2129.611668806841
528,529,68,F,Solteiro(a),2,5212.605029207069
529,530,70,F,Solteiro(a),3,1960.9652484099975
530,531,24,F,Casado(a),2,2045.760930814914
531,532,57,M,Casado(a),2,2601.899110868883
532,533,53,F,Divorciado(a),0,2251.3661859703043
533,534,72,M,Casado(a),2,314.6681122769673
534,535,45,F,Solteiro(a),4,1747.106050700986
535,536,54,M,Solteiro(a),4,1187.9772446043678
536,537,49,M,Casado(a),4,2851.6891711280964
537,538,27,F,Solteiro(a),0,1840.1007092713917
538,539,78,F,Casado(a),3,1521.680913954742
539,540,22,M,Solteiro(a),0,214.11056134635717
540,541,45,F,Casado(a),3,1030.7302378194292
541,542,19,F,Casado(a),2,595.8227364481886
542,543,33,M,Solteiro(a),0,1749.6277912155253
543,544,74,M,Solteiro(a),1,281.7711431320786
544,545,66,F,Casado(a),1,2562.420000884706
545,546,68,F,Solteiro(a),3,1085.6492084321576
546,547,66,M,Solteiro(a),3,3476.0979894047546
547,548,35,M,Solteiro(a),0,1703.939066569765
548,549,54,M,Solteiro(a),2,1236.556897163496
549,550,50,F,Divorciado(a),0,841.4096054781519
550,551,41,M,Divorciado(a),3,1855.270488581484
551,552,32,M,Solteiro(a),0,1157.0428324574088
552,553,45,F,Divorciado(a),1,11793.38970912493
553,554,62,F,Solteiro(a),4,446.56877515128286
554,555,31,F,Casado(a),1,276.8657769559381
555,556,43,M,Casado(a),0,1880.8268129003795
556,557,54,F,Solteiro(a),0,343.7979794410745
557,558,52,M,Solteiro(a),0,1008.6955330671452
558,559,29,M,Divorciado(a),0,1330.2493774969134
559,560,45,F,Divorciado(a),0,2058.007164996619
560,561,19,F,Divorciado(a),1,951.2751861870415
561,562,24,F,Divorciado(a),3,1194.0930682863568
562,563,76,M,Solteiro(a),4,558.67505320329
563,564,53,M,Solteiro(a),2,1534.9414198677778
564,565,53,F,Solteiro(a),0,1400.2273436059108
565,566,20,M,Solteiro(a),2,1982.32883255609
566,567,53,F,Solteiro(a),0,1310.4606880731847
567,568,33,F,Divorciado(a),4,379.95519628148367
568,569,51,F,Divorciado(a),4,5718.606528213342
569,570,76,F,Solteiro(a),1,937.9037691816369
570,571,59,M,Casado(a),0,1249.8075617893521
571,572,41,F,Solteiro(a),4,1822.8179320166619
572,573,74,F,Solteiro(a),2,2883.8325571123196
573,574,34,M,Solteiro(a),4,4333.339871422576
574,575,39,M,Solteiro(a),4,801.5360592227462
575,576,64,F,Divorciado(a),4,2397.457320011196
576,577,30,M,Solteiro(a),4,1088.9654867098318
577,578,78,M,Solteiro(a),0,2771.6674105898614
578,579,22,F,Divorciado(a),0,3113.190597003933
579,580,55,F,Solteiro(a),1,947.7245305348969
580,581,68,M,Solteiro(a),4,610.3762358014086
581,582,40,F,Casado(a),2,2182.60683409907
582,583,34,M,Solteiro(a),2,1070.192702348157
583,584,43,F,Casado(a),4,1543.6415319320813
584,585,56,F,Solteiro(a),1,1477.9277946300426
585,586,31,M,Solteiro(a),4,2638.5672890992837
586,587,55,F,Solteiro(a),0,2384.3781185596035
587,588,58,F,Solteiro(a),2,527.088927558833
588,589,78,F,Casado(a),4,2148.4776527143513
589,590,55,M,Solteiro(a),2,2163.629330493344
590,591,52,M,Solteiro(a),1,7672.3737977986375
591,592,57,F,Casado(a),3,1537.4493563439528
592,593,40,F,Solteiro(a),3,1327.5576240924902
593,594,72,M,Divorciado(a),1,4362.800554283398
594,595,27,F,Divorciado(a),4,1505.542075007371
595,596,55,F,Solteiro(a),2,493.6275184363792
596,597,35,M,Casado(a),3,995.6948592812819
597,598,21,M,Solteiro(a),3,1038.2021838507792
598,599,34,F,Divorciado(a),3,655.3043968171904
599,600,77,M,Divorciado(a),0,3518.2181827238555
600,601,42,F,Divorciado(a),3,1405.8874771455985
601,602,70,F,Solteiro(a),3,3179.5191735101125
602,603,54,F,Divorciado(a),4,552.3702092628379
603,604,36,F,Solteiro(a),4,2137.1584349563523
604,605,77,F,Casado(a),3,1635.3793456599115
605,606,39,F,Solteiro(a),4,3807.759961267316
606,607,61,F,Solteiro(a),1,1008.1608868406387
607,608,50,F,Divorciado(a),4,1577.5186218976735
608,609,58,M,Solteiro(a),2,2190.026684938213
609,610,77,F,Solteiro(a),0,446.73301976834995
610,611,47,F,Solteiro(a),2,2614.3283091117178
611,612,37,F,Solteiro(a),0,3420.261454089581
612,613,60,F,Solteiro(a),1,955.6398685318026
613,614,56,F,Solteiro(a),0,3737.578236088248
614,615,62,M,Solteiro(a),4,407.61547000456136
615,616,63,F,Solteiro(a),1,3405.7167459721113
616,617,60,M,Divorciado(a),4,414.6084009427399
617,618,57,M,Casado(a),3,3991.463428467949
618,619,25,F,Solteiro(a),3,774.0194280814102
619,620,26,M,Divorciado(a),2,611.247478691949
620,621,54,M,Solteiro(a),0,1043.640465483162
621,622,31,F,Divorciado(a),3,612.4947028459837
622,623,47,M,Solteiro(a),2,4327.2786714481035
623,624,49,F,Divorciado(a),1,361.4848913526347
624,625,70,M,Solteiro(a),2,1279.723316740089
625,626,64,M,Casado(a),0,2646.5179344833364
626,627,65,M,Casado(a),1,539.0474071495223
627,628,51,M,Solteiro(a),0,2980.0551951453294
628,629,50,M,Solteiro(a),0,1493.2985763680804
629,630,53,M,Solteiro(a),2,1085.3613613057769
630,631,67,F,Divorciado(a),1,1467.605025917128
631,632,61,M,Solteiro(a),2,516.1759052559033
632,633,38,M,Solteiro(a),1,2728.8975130379195
633,634,41,M,Solteiro(a),2,2516.798331507273
634,635,25,M,Solteiro(a),0,935.0893493865236
635,636,30,F,Divorciado(a),3,2704.5430122261473
636,637,37,F,Solteiro(a),4,482.5571445649137
637,638,24,F,Divorciado(a),4,134.69585485834244
638,639,60,F,Solteiro(a),1,727.2272481973135
639,640,24,M,Solteiro(a),2,1117.0809611353322
640,641,61,M,Casado(a),0,5247.554102252132
641,642,47,M,Divorciado(a),4,2849.2901422521845
642,643,60,M,Solteiro(a),0,916.8855032857933
643,644,71,M,Solteiro(a),1,607.6921493689973
644,645,25,M,Divorciado(a),3,656.9033053062566
645,646,53,F,Solteiro(a),4,549.7642125131558
646,647,41,M,Divorciado(a),0,3011.6576589883703
647,648,44,M,Solteiro(a),1,1763.6435123838316
648,649,56,M,Divorciado(a),4,47.325037992351454
649,650,32,M,Casado(a),1,1869.5894161134968
650,651,67,F,Solteiro(a),4,2457.5826744576098
651,652,61,M,Divorciado(a),2,1898.1344229527651
652,653,19,M,Solteiro(a),3,759.5226582932071
653,654,56,M,Solteiro(a),1,774.9834778759846
654,655,44,F,Solteiro(a),3,2974.84869484113
655,656,22,F,Divorciado(a),4,1051.5340375364335
656,657,27,M,Solteiro(a),1,1364.6111940385445
657,658,71,M,Solteiro(a),0,466.1144373270946
658,659,35,F,Solteiro(a),4,995.9507045789853
659,660,61,F,Divorciado(a),1,2122.887726724554
660,661,53,F,Solteiro(a),0,550.6091640911088
661,662,38,F,Solteiro(a),4,821.7006373315186
662,663,63,M,Solteiro(a),0,1928.9852135151345
663,664,18,M,Solteiro(a),0,734.3893927050436
664,665,28,F,Solteiro(a),3,315.85554339353695
665,666,27,M,Divorciado(a),4,728.7378533790178
666,667,66,F,Solteiro(a),0,1255.3926899721132
667,668,62,M,Divorciado(a),0,2900.087872015854
668,669,66,F,Solteiro(a),1,921.6167584912971
669,670,24,M,Solteiro(a),0,2468.008588042173
670,671,72,M,Solteiro(a),1,585.7659491239542
671,672,59,M,Casado(a),1,360.9121729154936
672,673,79,M,Casado(a),1,768.8787370404631
673,674,33,M,Solteiro(a),4,803.7322785438972
674,675,73,F,Solteiro(a),4,3157.983085103468
675,676,78,M,Casado(a),2,1050.4746488919204
676,677,43,M,Casado(a),3,1338.804185248711
677,678,32,F,Casado(a),0,2242.770318933249
678,679,25,M,Solteiro(a),3,1885.8900675353473
679,680,21,M,Solteiro(a),0,2143.7059152825245
680,681,72,F,Solteiro(a),2,1220.6340141225426
681,682,60,M,Solteiro(a),4,702.951836225284
682,683,43,M,Solteiro(a),3,282.72888571161764
683,684,50,F,Divorciado(a),3,1399.212205689417
684,685,29,F,Solteiro(a),1,3809.549488090781
685,686,22,M,Solteiro(a),4,1318.0408429080614
686,687,42,F,Solteiro(a),0,1431.3576706762246
687,688,43,M,Casado(a),2,1372.5831673067494
688,689,39,M,Divorciado(a),4,1420.6938210237558
689,690,69,F,Casado(a),2,510.6138358076732
690,691,20,M,Solteiro(a),2,1963.2716792205674
691,692,20,F,Solteiro(a),4,1832.862650427749
692,693,22,M,Solteiro(a),3,1180.111958220172
693,694,66,M,Solteiro(a),0,2084.3062649066746
694,695,35,F,Divorciado(a),2,1253.4985184617108
695,696,24,M,Divorciado(a),1,2473.146266207258
696,697,27,M,Casado(a),3,1602.1796454570388
697,698,78,M,Casado(a),3,843.5092888828307
698,699,40,F,Casado(a),0,953.4157627139319
699,700,33,M,Solteiro(a),3,3177.925206151791
700,701,73,M,Solteiro(a),2,1263.546893202514
701,702,33,F,Divorciado(a),4,4620.099560335116
702,703,70,M,Solteiro(a),2,1535.784943383309
703,704,78,M,Casado(a),1,3039.5105925304297
704,705,56,M,Divorciado(a),2,668.5175237526349
705,706,69,F,Casado(a),1,1074.638204125674
706,707,54,M,Solteiro(a),2,2247.2403779689407
707,708,78,M,Casado(a),0,1109.4983106244724
708,709,39,M,Solteiro(a),3,1254.0054418722546
709,710,27,F,Divorciado(a),3,740.9383174827965
710,711,73,F,Solteiro(a),0,3562.1024214293016
711,712,66,M,Solteiro(a),3,2841.7778526408756
712,713,70,M,Solteiro(a),3,3318.8688740579664
713,714,43,F,Casado(a),0,1083.3551291466613
714,715,58,F,Solteiro(a),4,617.5469660436896
715,716,21,M,Casado(a),2,3130.6599002163643
716,717,50,M,Divorciado(a),4,899.9894763957935
717,718,50,F,Solteiro(a),0,4607.575930257094
718,719,41,M,Divorciado(a),2,1497.84445235118
719,720,40,M,Divorciado(a),0,2059.3787239520475
720,721,57,M,Solteiro(a),1,2527.9133462472987
721,722,50,M,Solteiro(a),0,162.20744817602343
722,723,46,M,Solteiro(a),0,810.4115894780754
723,724,28,M,Divorciado(a),4,1092.939243236465
724,725,49,M,Casado(a),4,2897.617442824981
725,726,45,F,Solteiro(a),3,2067.2809569968645
726,727,34,F,Solteiro(a),4,2431.8836673464966
727,728,41,F,Solteiro(a),1,1639.1009998842585
728,729,50,F,Divorciado(a),4,703.0522156017656
729,730,24,M,Solteiro(a),4,772.1526567460428
730,731,72,F,Solteiro(a),3,344.2958740653454
731,732,50,F,Casado(a),1,1992.0529650812118
732,733,19,F,Solteiro(a),2,522.8166090674656
733,734,54,M,Solteiro(a),3,528.3882339634021
734,735,21,M,Casado(a),1,1885.2883344682034
735,736,35,M,Solteiro(a),2,3599.537059671649
736,737,32,M,Solteiro(a),3,3032.5027334195297
737,738,53,F,Solteiro(a),3,664.9843520732317
738,739,20,F,Solteiro(a),4,194.19423987725543
739,740,75,M,Divorciado(a),0,3635.8643020290656
740,741,66,M,Solteiro(a),4,2060.271288085522
741,742,32,M,Casado(a),1,2271.068177235932
742,743,60,M,Casado(a),2,1019.3583354427651
743,744,70,M,Divorciado(a),2,2326.730458702879
744,745,57,M,Solteiro(a),1,727.3591002192381
745,746,34,F,Solteiro(a),0,2838.8193428179457
746,747,76,M,Divorciado(a),3,1655.065355506842
747,748,38,M,Solteiro(a),4,2865.524000847573
748,749,27,F,Divorciado(a),2,3854.4802633383706
749,750,25,F,Solteiro(a),3,2167.676018341454
750,751,20,F,Solteiro(a),4,2946.0547771002202
751,752,46,M,Casado(a),3,1113.0511825965725
752,753,21,F,Solteiro(a),1,1277.1399435737894
753,754,76,F,Solteiro(a),2,4929.5101177199385
754,755,36,F,Solteiro(a),0,3642.512088171701
755,756,41,F,Solteiro(a),2,892.172544913719
756,757,63,M,Solteiro(a),2,1532.3759866888877
757,758,42,M,Solteiro(a),3,4787.757397946225
758,759,25,F,Solteiro(a),1,3627.193155960573
759,760,26,M,Solteiro(a),2,1327.2634868483954
760,761,29,M,Solteiro(a),3,1351.3211831808624
761,762,23,F,Solteiro(a),1,104.08871294575721
762,763,73,F,Solteiro(a),3,159.21602813513897
763,764,62,M,Divorciado(a),3,1171.8241230126034
764,765,73,F,Divorciado(a),4,2168.645204237338
765,766,31,F,Solteiro(a),4,1430.2748626916189
766,767,62,M,Divorciado(a),3,1742.6559734108616
767,768,47,M,Solteiro(a),4,794.1126661169654
768,769,28,F,Casado(a),0,321.31207019582587
769,770,40,M,Solteiro(a),2,669.2590068680526
770,771,56,M,Casado(a),0,2485.93298128107
771,772,35,M,Divorciado(a),1,1022.4670939136003
772,773,32,M,Solteiro(a),2,1895.1599781787954
773,774,29,M,Solteiro(a),1,5578.825970781045
774,775,29,F,Solteiro(a),4,1659.3000434549024
775,776,42,M,Casado(a),0,5220.920906771285
776,777,61,F,Solteiro(a),0,9470.679846184323
777,778,42,M,Solteiro(a),3,2163.5094385770403
778,779,51,M,Casado(a),0,655.0272493888166
779,780,68,F,Casado(a),0,1871.342510190227
780,781,22,M,Solteiro(a),2,1062.4189115757622
781,782,23,M,Solteiro(a),4,1531.6321137705368
782,783,67,F,Solteiro(a),2,2034.1879254700013
783,784,52,M,Divorciado(a),1,1185.430678948716
784,785,69,M,Solteiro(a),2,1902.8693446866748
785,786,74,M,Solteiro(a),1,250.74289309997312
786,787,64,M,Casado(a),0,1550.2890091691022
787,788,27,F,Casado(a),0,841.3938446055255
788,789,40,F,Casado(a),0,3726.973891902228
789,790,33,M,Divorciado(a),4,5189.102213867119
790,791,70,F,Solteiro(a),4,137.7089428164737
791,792,71,M,Casado(a),4,1462.102973126708
792,793,68,F,Solteiro(a),4,2057.3528939230514
793,794,41,M,Solteiro(a),3,2367.573577588839
794,795,33,M,Solteiro(a),0,2108.0391947975013
795,796,41,F,Solteiro(a),1,1409.449284260932
796,797,63,M,Casado(a),1,2439.941595168131
797,798,28,M,Solteiro(a),2,496.4372424070337
798,799,52,F,Solteiro(a),3,3361.1156262368563
799,800,49,F,Divorciado(a),4,205.18571764814615
800,801,43,F,Solteiro(a),0,955.084377609989
801,802,42,M,Divorciado(a),3,2374.1468386486567
802,803,33,F,Solteiro(a),2,1073.7041085319204
803,804,37,F,Solteiro(a),0,1150.7729623697935
804,805,20,M,Casado(a),1,1755.4739680621194
805,806,36,F,Solteiro(a),4,733.2999130923648
806,807,77,F,Solteiro(a),1,2249.8478530314637
807,808,41,F,Divorciado(a),0,1809.5741366642349
808,809,57,F,Solteiro(a),0,2472.623792381701
809,810,61,F,Solteiro(a),2,3252.5401317116784
810,811,73,M,Casado(a),1,1958.143400659809
811,812,43,F,Solteiro(a),0,3271.140936689839
812,813,48,M,Casado(a),0,541.4454366061437
813,814,57,F,Solteiro(a),1,3859.1892814981397
814,815,49,M,Solteiro(a),1,622.1375423849181
815,816,70,M,Casado(a),2,2028.4251529295645
816,817,32,F,Divorciado(a),4,4476.216311585198
817,818,30,M,Divorciado(a),2,4159.204026684307
818,819,30,F,Casado(a),1,2685.828609285723
819,820,40,M,Solteiro(a),3,4961.395935736345
820,821,50,F,Divorciado(a),0,2301.028878841523
821,822,33,F,Solteiro(a),3,1262.4620394224673
822,823,71,F,Casado(a),1,2038.6495030386548
823,824,35,F,Divorciado(a),0,4037.9910541674794
824,825,44,M,Solteiro(a),1,1887.9347309536643
825,826,71,F,Casado(a),2,6182.788562233001
826,827,79,F,Solteiro(a),4,3779.044841681259
827,828,71,F,Solteiro(a),0,725.3608406667615
828,829,64,F,Solteiro(a),3,2628.785600315695
829,830,23,M,Solteiro(a),1,2332.1795150666103
830,831,51,F,Solteiro(a),2,1109.2299501624734
831,832,62,M,Solteiro(a),4,1897.783694861766
832,833,22,M,Solteiro(a),2,989.5040722411521
833,834,61,M,Solteiro(a),3,2444.53706342246
834,835,57,F,Solteiro(a),4,1559.1795986711475
835,836,78,F,Divorciado(a),0,453.6872313491101
836,837,44,M,Casado(a),1,3125.481723173412
837,838,41,F,Solteiro(a),2,1861.0371880161263
838,839,29,M,Solteiro(a),1,2718.184672651017
839,840,57,F,Solteiro(a),2,785.4801415081836
840,841,58,M,Solteiro(a),4,386.92864928771695
841,842,22,M,Solteiro(a),0,396.1022589194324
842,843,36,M,Solteiro(a),2,902.2927388761111
843,844,60,F,Solteiro(a),1,1780.4206849669313
844,845,40,M,Solteiro(a),0,1156.8731885446384
845,846,74,F,Divorciado(a),1,3871.214180135662
846,847,32,F,Solteiro(a),4,1745.1465047484014
847,848,59,F,Solteiro(a),3,1389.7941675113389
848,849,42,M,Divorciado(a),1,496.7193852641252
849,850,64,F,Solteiro(a),2,713.3179572492637
850,851,67,M,Solteiro(a),0,1204.8362206492595
851,852,64,M,Solteiro(a),1,3035.596475055739
852,853,69,M,Solteiro(a),1,812.2406213432508
853,854,67,M,Solteiro(a),4,1017.9646445520183
854,855,67,M,Divorciado(a),3,1312.4902262663156
855,856,53,F,Solteiro(a),3,1032.9125532285825
856,857,34,F,Solteiro(a),2,1270.8094399882298
857,858,64,F,Solteiro(a),1,1911.6449529550905
858,859,70,M,Solteiro(a),4,5016.583226142914
859,860,64,F,Divorciado(a),2,285.64565376323316
860,861,61,F,Solteiro(a),1,3455.639477166789
861,862,50,M,Solteiro(a),2,312.52167457610363
862,863,65,F,Solteiro(a),3,292.17122348415165
863,864,34,M,Solteiro(a),1,4533.487547890548
864,865,28,M,Solteiro(a),1,1730.944040113076
865,866,43,F,Solteiro(a),4,1630.012123038906
866,867,35,F,Divorciado(a),1,3281.8299275592026
867,868,19,F,Divorciado(a),1,1189.0586931481976
868,869,34,M,Solteiro(a),1,2972.9123272955826
869,870,51,F,Casado(a),3,426.9057688064954
870,871,47,F,Casado(a),1,2020.1856611285787
871,872,25,M,Solteiro(a),4,1549.8082407727788
872,873,34,M,Solteiro(a),3,2309.622078793203
873,874,33,F,Solteiro(a),4,1075.9410574799106
874,875,64,F,Divorciado(a),3,2434.2804123119913
875,876,51,F,Divorciado(a),1,1659.348544606256
876,877,69,M,Solteiro(a),3,1615.9589015275653
877,878,30,F,Solteiro(a),3,2340.971173928416
878,879,37,F,Divorciado(a),3,332.63890020415835
879,880,42,M,Solteiro(a),0,760.2831073830534
880,881,75,F,Solteiro(a),2,2238.928499532555
881,882,72,M,Divorciado(a),4,1176.2156193463018
882,883,63,F,Solteiro(a),1,382.82399274365974
883,884,25,F,Divorciado(a),1,1826.7833966352086
884,885,45,F,Solteiro(a),4,1123.9777276081993
885,886,26,M,Casado(a),3,1878.8870023197967
886,887,31,M,Solteiro(a),3,636.7819767214555
887,888,59,M,Solteiro(a),1,2284.001695203119
888,889,44,F,Solteiro(a),4,2752.0235730469217
889,890,76,F,Casado(a),0,3810.2700403276112
890,891,24,M,Solteiro(a),1,1409.2435573094053
891,892,74,F,Casado(a),1,2441.2990227982564
892,893,71,F,Solteiro(a),0,4235.577589079903
893,894,34,F,Solteiro(a),3,670.0912992086842
894,895,34,F,Casado(a),1,683.3320665520025
895,896,77,M,Divorciado(a),2,4013.449596167164
896,897,47,M,Divorciado(a),0,3324.094002777688
897,898,69,F,Divorciado(a),4,1398.6890221588362
898,899,41,M,Solteiro(a),2,1246.484553536132
899,900,31,F,Casado(a),3,1162.341297715239
900,901,60,F,Casado(a),0,2460.7921874136337
901,902,28,F,Solteiro(a),2,1580.780611710007
902,903,70,M,Divorciado(a),4,2947.01538354905
903,904,77,F,Solteiro(a),1,1687.9323723172022
904,905,44,F,Casado(a),1,2588.062978212538
905,906,47,F,Casado(a),3,761.3659311923178
906,907,29,M,Solteiro(a),1,487.52777001065033
907,908,30,F,Casado(a),3,3246.530289500779
908,909,58,F,Solteiro(a),4,874.2050388812239
909,910,65,M,Solteiro(a),2,1222.4548471425464
910,911,35,M,Solteiro(a),4,1964.3052693621696
911,912,49,M,Casado(a),4,4460.510471421184
912,913,54,F,Casado(a),3,2378.4259500577705
913,914,35,F,Solteiro(a),1,1876.6171373613124
914,915,29,F,Divorciado(a),1,4200.988169008519
915,916,74,M,Divorciado(a),1,1365.9643793365829
916,917,77,F,Casado(a),3,458.22722001417895
917,918,20,M,Casado(a),3,767.7166101347434
918,919,27,F,Solteiro(a),0,1344.9439941154208
919,920,48,M,Solteiro(a),0,1217.222284252699
920,921,43,F,Solteiro(a),4,1947.245045201057
921,922,19,F,Divorciado(a),2,1921.7300728440039
922,923,21,M,Divorciado(a),0,613.1115502165956
923,924,79,F,Solteiro(a),4,1938.6001841939064
924,925,51,M,Solteiro(a),3,2331.2070311306893
925,926,66,F,Casado(a),4,1710.8048216805164
926,927,32,M,Solteiro(a),0,2663.1658479588505
927,928,59,F,Solteiro(a),1,2268.463632300637
928,929,37,M,Solteiro(a),2,491.6129399847746
929,930,46,M,Casado(a),0,4705.5918791573695
930,931,52,M,Casado(a),1,1108.759483132618
931,932,43,M,Solteiro(a),0,450.43445594717866
932,933,46,M,Divorciado(a),2,1468.5604903589333
933,934,69,M,Solteiro(a),3,1775.7330703427647
934,935,46,F,Solteiro(a),3,5929.817925962278
935,936,61,M,Solteiro(a),1,622.1837061114917
936,937,46,F,Solteiro(a),4,888.4838132103755
937,938,43,M,Solteiro(a),0,609.8886894597761
938,939,60,F,Solteiro(a),3,1659.978476409791
939,940,66,M,Solteiro(a),1,1194.2989653500442
940,941,46,M,Solteiro(a),3,1884.496883601009
941,942,24,M,Solteiro(a),4,3122.293632248026
942,943,54,F,Casado(a),3,955.5954741608064
943,944,68,F,Divorciado(a),1,1688.5986878635
944,945,48,F,Casado(a),3,576.603384345904
945,946,70,F,Casado(a),1,1047.1357762922198
946,947,47,M,Solteiro(a),4,1186.736857933551
947,948,34,M,Casado(a),0,857.5832176665288
948,949,63,M,Divorciado(a),2,977.531651109966
949,950,70,M,Solteiro(a),1,983.3023823029534
950,951,61,F,Divorciado(a),0,1623.2567348720222
951,952,59,F,Divorciado(a),1,635.9983221768456
952,953,55,F,Divorciado(a),2,2003.6642255300237
953,954,53,F,Divorciado(a),3,7379.788042945259
954,955,26,M,Solteiro(a),1,1835.1073279544132
955,956,61,M,Divorciado(a),3,1683.7914047614297
956,957,67,F,Divorciado(a),2,3594.6664530483595
957,958,24,F,Casado(a),4,1006.8330753752628
958,959,78,F,Divorciado(a),3,3837.673475544656
959,960,18,F,Solteiro(a),0,3390.507669425403
960,961,72,M,Solteiro(a),0,1566.7344935205617
961,962,62,M,Solteiro(a),0,2251.041145433901
962,963,60,F,Solteiro(a),4,2675.5842852373376
963,964,21,M,Solteiro(a),4,4693.845607684254
964,965,21,F,Divorciado(a),0,916.4997277335648
965,966,72,F,Solteiro(a),0,4218.13646582576
966,967,44,F,Solteiro(a),4,1004.3302130620452
967,968,68,F,Casado(a),0,1912.8426635194062
968,969,33,M,Casado(a),4,451.6509168670135
969,970,57,F,Solteiro(a),2,2251.336588415815
970,971,57,F,Solteiro(a),4,1117.2355505539304
971,972,76,M,Casado(a),1,622.8555986876619
972,973,59,M,Casado(a),4,1477.3273582577447
973,974,47,M,Solteiro(a),4,1665.6321335582163
974,975,79,F,Solteiro(a),3,2777.2048328071264
975,976,62,F,Solteiro(a),0,1643.8081074149325
976,977,66,F,Solteiro(a),2,1424.1481159540112
977,978,21,M,Solteiro(a),1,1919.2246895720975
978,979,39,F,Solteiro(a),2,1253.8290954799606
979,980,28,F,Solteiro(a),3,2435.4083067531606
980,981,32,M,Solteiro(a),0,1456.4707289138864
981,982,29,M,Solteiro(a),4,908.1501562692457
982,983,69,M,Divorciado(a),1,2088.122340910889
983,984,22,F,Divorciado(a),0,1831.9941333824695
984,985,37,F,Solteiro(a),3,1079.979278058988
985,986,42,F,Solteiro(a),3,991.677745547243
986,987,61,M,Casado(a),0,3085.7962774792163
987,988,65,M,Solteiro(a),4,2246.7284257198276
988,989,78,M,Solteiro(a),3,3890.5894236367235
989,990,74,M,Casado(a),2,2712.347872029472
990,991,30,M,Divorciado(a),4,2546.788074324763
991,992,51,F,Solteiro(a),2,2252.907895782678
992,993,71,F,Solteiro(a),4,3867.18677780598
993,994,42,M,Casado(a),0,1082.0261741098084
994,995,34,F,Divorciado(a),0,3029.3672988980793
995,996,70,F,Solteiro(a),1,1281.2038138364685
996,997,21,M,Solteiro(a),3,2959.8111799935214
997,998,62,F,Casado(a),2,1717.4421957185668
998,999,26,F,Solteiro(a),3,3188.182855786956
999,1000,74,F,Casado(a),1,911.1799127940324
